Workbook

Sheet testSS_FC
A1: DC06-4000 | B1: _test
A3: Def. Ste | B3: p Num | C3: ber of orie | D3: ntations | F3: F(1,1) F(2,1) F(3,1) F(1,2) F(2,2) F(3,2) F(1,3) F(2,3) F(3,3) a b c G-phi1 G-PHI G-phi2
A4: 0 | B4: 4000 | F4: 1.000000 0.000000 0.000000 0.000000 1.000000 0.000000 0.000000 0.000000 1.000000 1.00000 1.00000 1.00000 0.00000 0.00000 0.00000
A5: CRYSTAL | B5: WEIGHT | C5: phi1 | D5: PHI | E5: phi2 | F5: GAMMA
A6: 1 | B6: 1 | C6: 305 | D6: 87.5 | E6: 5 | F6: 0
A7: 2 | B7: 1 | C7: 47.5 | D7: 45 | E7: 45 | F7: 0
A8: 3 | B8: 1 | C8: 275 | D8: 55 | E8: 37.5 | F8: 0
A9: 4 | B9: 1 | C9: 72.5 | D9: 60 | E9: 55 | F9: 0
A10: 5 | B10: 1 | C10: 32.5 | D10: 62.5 | E10: 42.5 | F10: 0
A11: 6 | B11: 1 | C11: 82.5 | D11: 65 | E11: 67.5 | F11: 0
A12: 7 | B12: 1 | C12: 197.5 | D12: 55 | E12: 57.5 | F12: 0
A13: 8 | B13: 1 | C13: 287.5 | D13: 77.5 | E13: 55 | F13: 0
A14: 9 | B14: 1 | C14: 82.5 | D14: 60 | E14: 47.5 | F14: 0
A15: 10 | B15: 1 | C15: 222.5 | D15: 67.5 | E15: 62.5 | F15: 0
A16: 11 | B16: 1 | C16: 105 | D16: 57.5 | E16: 55 | F16: 0
A17: 12 | B17: 1 | C17: 212.5 | D17: 65 | E17: 72.5 | F17: 0
... A4005: 4000 | B4005: 1 | C4005: 205 | D4005: 42.5 | E4005: 50 | F4005: 0
A4007: Def. Ste | B4007: p Num | C4007: ber of orie | D4007: ntations | F4007: F(1,1) F(2,1) F(3,1) F(1,2) F(2,2) F(3,2) F(1,3) F(2,3) F(3,3) a b c G-phi1 G-PHI G-phi2
A4008: 100 | B4008: 4000 | F4008: 1.000000 0.000000 0.000000 1.000000 1.000000 0.000000 0.000000 0.000000 1.000000 1.61803 1.00000 0.61803 -148.28253 90.00000 -0.00000
A4009: CRYSTAL | B4009: WEIGHT | C4009: phi1 | D4009: PHI | E4009: phi2 | F4009: GAMMA
A4010: 1 | B4010: 1 | C4010: -57.20784 | D4010: 93.06035 | E4010: -24.20541 | F4010: 1.35695
A4011: 2 | B4011: 1 | C4011: 56.42811 | D4011: 48.97355 | E4011: 12.82352 | F4011: 1.63975
A4012: 3 | B4012: 1 | C4012: -67.1599 | D4012: 59.96895 | E4012: 16.60414 | F4012: 1.44559
A4013: 4 | B4013: 1 | C4013: 64.53648 | D4013: 57.06428 | E4013: 22.34501 | F4013: 1.6172
A4014: 5 | B4014: 1 | C4014: 51.63715 | D4014: 59.57423 | E4014: 14.87364 | F4014: 1.27218
A4015: 6 | B4015: 1 | C4015: 100.58679 | D4015: 58.95771 | E4015: 37.70158 | F4015: 1.63634
A4016: 7 | B4016: 1 | C4016: -139.23527 | D4016: 55.25953 | E4016: 29.2954 | F4016: 1.47552
A4017: 8 | B4017: 1 | C4017: -71.33688 | D4017: 79.41056 | E4017: 28.79439 | F4017: 1.67277
A4018: 9 | B4018: 1 | C4018: 100.78008 | D4018: 71.84299 | E4018: 19.14017 | F4018: 1.68557
A4019: 10 | B4019: 1 | C4019: -134.43587 | D4019: 63.42463 | E4019: 33.5975 | F4019: 1.37657
A4020: 11 | B4020: 1 | C4020: 109.10318 | D4020: 58.61911 | E4020: 27.66428 | F4020: 1.56604
A4021: 12 | B4021: 1 | C4021: -140.34048 | D4021: 59.2908 | E4021: 43.68813 | F4021: 1.50297
... A8009: 4000 | B8009: 1 | C8009: -125.73034 | D8009: 47.49053 | E8009: 11.28644 | F8009: 1.47337

Sheet out
A1: =" 1" -> 1
A2: 001 RUN NR. 1 STEP NR. 1 output :Title of
A3: =" 4000" -> 4000
A4: =CONCATENATE(" ",IF(testSS_FC!E4010<0,"-"," "),TEXT(ABS(testSS_FC!E4010),"000.000")," ",IF(testSS_FC!D4010<0,"-"," "),TEXT(ABS(testSS_FC!D4010),"000.000")," ",IF(testSS_FC!C4010<0,"-"," "),TEXT(ABS(testSS_FC!C4010),"000.000")," 0.0 1 1.00000 0.0 ") -> -024.205 093.060 -057.208 0.0 1 1.00000 0.0
A5: =CONCATENATE(" ",IF(testSS_FC!E4011<0,"-"," "),TEXT(ABS(testSS_FC!E4011),"000.000")," ",IF(testSS_FC!D4011<0,"-"," "),TEXT(ABS(testSS_FC!D4011),"000.000")," ",IF(testSS_FC!C4011<0,"-"," "),TEXT(ABS(testSS_FC!C4011),"000.000")," 0.0 1 1.00000 0.0 ") -> 012.824 048.974 056.428 0.0 1 1.00000 0.0
A6: =CONCATENATE(" ",IF(testSS_FC!E4012<0,"-"," "),TEXT(ABS(testSS_FC!E4012),"000.000")," ",IF(testSS_FC!D4012<0,"-"," "),TEXT(ABS(testSS_FC!D4012),"000.000")," ",IF(testSS_FC!C4012<0,"-"," "),TEXT(ABS(testSS_FC!C4012),"000.000")," 0.0 1 1.00000 0.0 ") -> 016.604 059.969 -067.160 0.0 1 1.00000 0.0
A7: =CONCATENATE(" ",IF(testSS_FC!E4013<0,"-"," "),TEXT(ABS(testSS_FC!E4013),"000.000")," ",IF(testSS_FC!D4013<0,"-"," "),TEXT(ABS(testSS_FC!D4013),"000.000")," ",IF(testSS_FC!C4013<0,"-"," "),TEXT(ABS(testSS_FC!C4013),"000.000")," 0.0 1 1.00000 0.0 ") -> 022.345 057.064 064.536 0.0 1 1.00000 0.0
A8: =CONCATENATE(" ",IF(testSS_FC!E4014<0,"-"," "),TEXT(ABS(testSS_FC!E4014),"000.000")," ",IF(testSS_FC!D4014<0,"-"," "),TEXT(ABS(testSS_FC!D4014),"000.000")," ",IF(testSS_FC!C4014<0,"-"," "),TEXT(ABS(testSS_FC!C4014),"000.000")," 0.0 1 1.00000 0.0 ") -> 014.874 059.574 051.637 0.0 1 1.00000 0.0
A9: =CONCATENATE(" ",IF(testSS_FC!E4015<0,"-"," "),TEXT(ABS(testSS_FC!E4015),"000.000")," ",IF(testSS_FC!D4015<0,"-"," "),TEXT(ABS(testSS_FC!D4015),"000.000")," ",IF(testSS_FC!C4015<0,"-"," "),TEXT(ABS(testSS_FC!C4015),"000.000")," 0.0 1 1.00000 0.0 ") -> 037.702 058.958 100.587 0.0 1 1.00000 0.0
A10: =CONCATENATE(" ",IF(testSS_FC!E4016<0,"-"," "),TEXT(ABS(testSS_FC!E4016),"000.000")," ",IF(testSS_FC!D4016<0,"-"," "),TEXT(ABS(testSS_FC!D4016),"000.000")," ",IF(testSS_FC!C4016<0,"-"," "),TEXT(ABS(testSS_FC!C4016),"000.000")," 0.0 1 1.00000 0.0 ") -> 029.295 055.260 -139.235 0.0 1 1.00000 0.0
A11: =CONCATENATE(" ",IF(testSS_FC!E4017<0,"-"," "),TEXT(ABS(testSS_FC!E4017),"000.000")," ",IF(testSS_FC!D4017<0,"-"," "),TEXT(ABS(testSS_FC!D4017),"000.000")," ",IF(testSS_FC!C4017<0,"-"," "),TEXT(ABS(testSS_FC!C4017),"000.000")," 0.0 1 1.00000 0.0 ") -> 028.794 079.411 -071.337 0.0 1 1.00000 0.0
A12: =CONCATENATE(" ",IF(testSS_FC!E4018<0,"-"," "),TEXT(ABS(testSS_FC!E4018),"000.000")," ",IF(testSS_FC!D4018<0,"-"," "),TEXT(ABS(testSS_FC!D4018),"000.000")," ",IF(testSS_FC!C4018<0,"-"," "),TEXT(ABS(testSS_FC!C4018),"000.000")," 0.0 1 1.00000 0.0 ") -> 019.140 071.843 100.780 0.0 1 1.00000 0.0
A13: =CONCATENATE(" ",IF(testSS_FC!E4019<0,"-"," "),TEXT(ABS(testSS_FC!E4019),"000.000")," ",IF(testSS_FC!D4019<0,"-"," "),TEXT(ABS(testSS_FC!D4019),"000.000")," ",IF(testSS_FC!C4019<0,"-"," "),TEXT(ABS(testSS_FC!C4019),"000.000")," 0.0 1 1.00000 0.0 ") -> 033.598 063.425 -134.436 0.0 1 1.00000 0.0
A14: =CONCATENATE(" ",IF(testSS_FC!E4020<0,"-"," "),TEXT(ABS(testSS_FC!E4020),"000.000")," ",IF(testSS_FC!D4020<0,"-"," "),TEXT(ABS(testSS_FC!D4020),"000.000")," ",IF(testSS_FC!C4020<0,"-"," "),TEXT(ABS(testSS_FC!C4020),"000.000")," 0.0 1 1.00000 0.0 ") -> 027.664 058.619 109.103 0.0 1 1.00000 0.0
A15: =CONCATENATE(" ",IF(testSS_FC!E4021<0,"-"," "),TEXT(ABS(testSS_FC!E4021),"000.000")," ",IF(testSS_FC!D4021<0,"-"," "),TEXT(ABS(testSS_FC!D4021),"000.000")," ",IF(testSS_FC!C4021<0,"-"," "),TEXT(ABS(testSS_FC!C4021),"000.000")," 0.0 1 1.00000 0.0 ") -> 043.688 059.291 -140.340 0.0 1 1.00000 0.0
... A4003: =CONCATENATE(" ",IF(testSS_FC!E8009<0,"-"," "),TEXT(ABS(testSS_FC!E8009),"000.000")," ",IF(testSS_FC!D8009<0,"-"," "),TEXT(ABS(testSS_FC!D8009),"000.000")," ",IF(testSS_FC!C8009<0,"-"," "),TEXT(ABS(testSS_FC!C8009),"000.000")," 0.0 1 1.00000 0.0 ") -> 011.286 047.491 -125.730 0.0 1 1.00000 0.0

Sheet Sheet3
