Workbook

Sheet exp uni0
A1: tensile plastic (true) strain | B1: tensile stress (MPa)
A2: 0 | B2: 112.82994
A3: 0.018 | B3: 162.16085
A4: 0.036 | B4: 186.35912
A5: 0.054 | B5: 203.57176
A6: 0.072 | B6: 217.1619
A7: 0.09 | B7: 228.6642
A8: 0.108 | B8: 238.6757
A9: 0.126 | B9: 247.43545
A10: 0.144 | B10: 255.33834
A11: 0.162 | B11: 262.84818
A12: 0.18 | B12: 269.69591

Sheet sid1687f_udsa_hard0.uds-fitting
A1: # | B1: 1 | C1: 2 | D1: 3 | E1: 4 | F1: 5 | G1: 6 | H1: 7 | I1: 8 | J1: 9 | K1: 10 | L1: 11 | M1: 12 | N1: 13 | O1: 14 | P1: 15 | Q1: 16 | R1: sigma_approx | S1: TARGET | T1: SoS-error | W1: by changing:
B2: increment | C2: eps_vM | D2: Pnorm | E2: ||eps_xx|| | F2: sigma_xx | G2: ||S(A)_xx|| | H2: W | I2: dotW(A) | J2: M-factor | K2: q-value | L2: r-value | M2: s-value | N2: q-valueA | O2: r-valueA | P2: ||S(A)|| | Q2: residual | S2: sigm_Swift | T2: =SUM(T3:T53) -> 0.025432306 | U2: Minimize | V2: Y0= | W2: 43.380388 | X2: [MPa]
B3: 1 | C3: 0 | D3: 0 | E3: 0 | F3: 2.6007749 | G3: 1.733147 | H3: 0 | I3: 2.1212958 | J3: 2.6081783 | K3: 0.52984389 | L3: 1.1269531 | M3: 2.1226637 | N3: 0.52984389 | O3: 1.1269531 | P3: 2.1226637 | Q3: 0.00084548988 | R3: =F3*$W$2*(1+H3/$W$3)^($W$4) -> 112.82262 | S3: ='exp uni0'!B2 -> 112.82994 | T3: =(R3-S3)^2 -> 5.3457762e-05 | V3: GAMMA0= | W3: 0.013535332
B4: 2 | C4: 0.018011199 | D4: 0.030100597 | E4: 0.018 | F4: 2.5995754 | G4: 1.7327933 | H4: 0.04697642 | I4: 2.120807 | J4: 2.6098359 | K4: 0.53085244 | L4: 1.1315255 | M4: 2.1222301 | N4: 0.53034816 | O4: 1.1292369 | P4: 2.1222301 | Q4: 0.00064492006 | R4: =F4*$W$2*(1+H4/$W$3)^($W$4) -> 162.15943 | S4: ='exp uni0'!B3 -> 162.16085 | T4: =(R4-S4)^2 -> 2.0183328e-06 | V4: N= | W4: 0.24254836
B5: 3 | C5: 0.036023127 | D5: 0.060207897 | E5: 0.036 | F5: 2.5992897 | G5: 1.7326579 | H5: 0.093984628 | I5: 2.120659 | J5: 2.6116412 | K5: 0.53086871 | L5: 1.1315995 | M5: 2.1220656 | N5: 0.53052168 | O5: 1.1300238 | P5: 2.1220656 | Q5: 0.00092359466 | R5: =F5*$W$2*(1+H5/$W$3)^($W$4) -> 186.40027 | S5: ='exp uni0'!B4 -> 186.35912 | T5: =(R5-S5)^2 -> 0.0016929215
B6: 4 | C6: 0.054035052 | D6: 0.090304525 | E6: 0.054 | F6: 2.5993892 | G6: 1.7328283 | H6: 0.14102535 | I6: 2.1207717 | J6: 2.6134267 | K6: 0.53190475 | L6: 1.1363173 | M6: 2.1222727 | N6: 0.53086745 | O6: 1.1315937 | P6: 2.1222727 | Q6: 0.00039641626 | R6: =F6*$W$2*(1+H6/$W$3)^($W$4) -> 203.55941 | S6: ='exp uni0'!B5 -> 203.57176 | T6: =(R6-S6)^2 -> 0.00015250118
B7: 5 | C7: 0.072047739 | D7: 0.12038294 | E7: 0.072 | F7: 2.5998699 | G7: 1.7333161 | H7: 0.18810024 | I7: 2.1213649 | J7: 2.615692 | K7: 0.53172916 | L7: 1.1355163 | M7: 2.1228706 | N7: 0.53103979 | O7: 1.1323771 | P7: 2.1228706 | Q7: 0.00074835172 | R7: =F7*$W$2*(1+H7/$W$3)^($W$4) -> 217.15913 | S7: ='exp uni0'!B6 -> 217.1619 | T7: =(R7-S7)^2 -> 7.6739316e-06
B8: 6 | C8: 0.090060441 | D8: 0.15052071 | E8: 0.09 | F8: 2.6012202 | G8: 1.7340202 | H8: 0.2352161 | I8: 2.1222364 | J8: 2.6180095 | K8: 0.53131684 | L8: 1.1336376 | M8: 2.1237324 | N8: 0.53108596 | O8: 1.132587 | P8: 2.1237324 | Q8: 0.00026397639 | R8: =F8*$W$2*(1+H8/$W$3)^($W$4) -> 228.62496 | S8: ='exp uni0'!B7 -> 228.6642 | T8: =(R8-S8)^2 -> 0.0015398675
B9: 7 | C9: 0.10807301 | D9: 0.18069982 | E9: 0.108 | F9: 2.6036308 | G9: 1.7348831 | H9: 0.28237331 | I9: 2.1233302 | J9: 2.6206984 | K9: 0.53022332 | L9: 1.128671 | M9: 2.1247901 | N9: 0.53096273 | O9: 1.1320267 | P9: 2.1247901 | Q9: 0.00094235023 | R9: =F9*$W$2*(1+H9/$W$3)^($W$4) -> 238.67786 | S9: ='exp uni0'!B8 -> 238.6757 | T9: =(R9-S9)^2 -> 4.6624021e-06
B10: 8 | C10: 0.1260848 | D10: 0.21087914 | E10: 0.126 | F10: 2.6033736 | G10: 1.7357549 | H10: 0.32957689 | I10: 2.1244026 | J10: 2.6231014 | K10: 0.53071292 | L10: 1.1308918 | M10: 2.1258577 | N10: 0.5309315 | O10: 1.1318848 | P10: 2.1258577 | Q10: 0.00084258773 | R10: =F10*$W$2*(1+H10/$W$3)^($W$4) -> 247.37732 | S10: ='exp uni0'!B9 -> 247.43545 | T10: =(R10-S10)^2 -> 0.0033791817 | V10: 3 | Y10: # Hardening law Hid;
B11: 9 | C11: 0.14409713 | D11: 0.24111167 | E11: 0.144 | F11: 2.6056645 | G11: 1.7369034 | H11: 0.37682526 | I11: 2.1259606 | J11: 2.6257749 | K11: 0.52854091 | L11: 1.1210748 | M11: 2.127264 | N11: 0.53066588 | O11: 1.1306783 | P11: 2.127264 | Q11: 0.00071122195 | R11: =F11*$W$2*(1+H11/$W$3)^($W$4) -> 255.46524 | S11: ='exp uni0'!B10 -> 255.33834 | T11: =(R11-S11)^2 -> 0.01610366 | V11: =W2 -> 43.380388 | W11: =W3 -> 0.013535332 | X11: =W4 -> 0.24254836 | Y11: # Components of the hardening law
B12: 10 | C12: 0.16210781 | D12: 0.27134673 | E12: 0.162 | F12: 2.6071332 | G12: 1.7380273 | H12: 0.42411754 | I12: 2.1274976 | J12: 2.6284915 | K12: 0.52655915 | L12: 1.1121963 | M12: 2.1286408 | N12: 0.53025521 | O12: 1.1288155 | P12: 2.1286408 | Q12: 0.00081298778 | R12: =F12*$W$2*(1+H12/$W$3)^($W$4) -> 262.79822 | S12: ='exp uni0'!B11 -> 262.84818 | T12: =(R12-S12)^2 -> 0.0024963612
B13: 11 | C13: 0.1801171 | D13: 0.30157672 | E13: 0.18 | F13: 2.6092396 | G13: 1.7392576 | H13: 0.47145556 | I13: 2.1290931 | J13: 2.6310394 | K13: 0.52536286 | L13: 1.1068726 | M13: 2.1301471 | N13: 0.52981045 | O13: 1.1268018 | P13: 2.1301471 | Q13: 0.00050209183 | R13: =F13*$W$2*(1+H13/$W$3)^($W$4) -> 269.64461 | S13: ='exp uni0'!B12 -> 269.69591
B14: 12 | C14: 0.19812525 | D14: 0.33183479 | E14: 0.198 | F14: 2.6113748 | G14: 1.7405914 | H14: 0.51883727 | I14: 2.1308918 | J14: 2.6336567 | K14: 0.52329114 | L14: 1.0977164 | M14: 2.1317806 | N14: 0.52926717 | O14: 1.1243473 | P14: 2.1317806 | Q14: 0.00046446184 | R14: =F14*$W$2*(1+H14/$W$3)^($W$4) -> 276.03609
B15: 13 | C15: 0.21613187 | D15: 0.36209467 | E15: 0.216 | F15: 2.6131508 | G15: 1.7420823 | H15: 0.56626256 | I15: 2.1328301 | J15: 2.6363347 | K15: 0.52199568 | L15: 1.0920313 | M15: 2.1336069 | N15: 0.52870783 | O15: 1.121826 | P15: 2.1336069 | Q15: 0.00075952198 | R15: =F15*$W$2*(1+H15/$W$3)^($W$4) -> 282.0007
B16: 14 | C16: 0.23413766 | D16: 0.39236033 | E16: 0.234 | F16: 2.6156029 | G16: 1.7436491 | H16: 0.61373413 | I16: 2.1349602 | J16: 2.6392591 | K16: 0.51837033 | L16: 1.076284 | M16: 2.1355253 | N16: 0.52796944 | O16: 1.1185069 | P16: 2.1355253 | Q16: 0.00027243609 | R16: =F16*$W$2*(1+H16/$W$3)^($W$4) -> 287.70488
B17: 15 | C17: 0.2521409 | D17: 0.42263556 | E17: 0.252 | F17: 2.6176834 | G17: 1.7452447 | H17: 0.66125331 | I17: 2.1369644 | J17: 2.6418574 | K17: 0.51782316 | L17: 1.0739279 | M17: 2.1374796 | N17: 0.52729302 | O17: 1.1154754 | P17: 2.1374796 | Q17: 0.00025149544 | R17: =F17*$W$2*(1+H17/$W$3)^($W$4) -> 293.07895
B18: 16 | C18: 0.2701439 | D18: 0.45288349 | E18: 0.27 | F18: 2.6208076 | G18: 1.747006 | H18: 0.70881832 | I18: 2.1391659 | J18: 2.6443721 | K18: 0.51645935 | L18: 1.0680785 | M18: 2.139637 | N18: 0.52661591 | O18: 1.1124495 | P18: 2.139637 | Q18: 0.00062679255 | R18: =F18*$W$2*(1+H18/$W$3)^($W$4) -> 298.31681

Sheet sid1687f_udsa_hard0.uds-verify
A1: # | B1: 1 | C1: 2 | D1: 3 | E1: 4 | F1: 5 | G1: 6 | H1: 7 | I1: 8 | J1: 9 | K1: 10 | L1: 11 | M1: 12 | N1: 13 | O1: 14 | P1: 15 | Q1: 16
B2: increment | C2: eps_vM | D2: Pnorm | E2: ||eps_xx|| | F2: sigma_xx | G2: ||S(A)_xx|| | H2: W | I2: dotW(A) | J2: M-factor | K2: q-value | L2: r-value | M2: s-value | N2: q-valueA | O2: r-valueA | P2: ||S(A)|| | Q2: residual
B3: 1 | C3: 0 | D3: 0 | E3: 0 | F3: 112.83172 | G3: 75.184838 | H3: 0 | I3: 92.022526 | J3: 2.6085386 | K3: 0.52984389 | L3: 1.1269531 | M3: 92.082281 | N3: 0.52984389 | O3: 1.1269531 | P3: 92.082281 | Q3: 0.00090105246
B4: 2 | C4: 0.010006222 | D4: 0.016722554 | E4: 0.01 | F4: 146.53447 | G4: 97.67953 | H4: 1.1322881 | I4: 119.55294 | J4: 2.6144115 | K4: 0.53089217 | L4: 1.1317061 | M4: 119.63253 | N4: 0.53036803 | O4: 1.1293269 | P4: 119.63253 | Q4: 0.00071580513
B5: 3 | C5: 0.020012803 | D5: 0.033431137 | E5: 0.02 | F5: 165.79355 | G5: 110.4875 | H5: 2.6119885 | I5: 135.22384 | J5: 2.6125447 | K5: 0.53132415 | L5: 1.1336708 | M5: 135.31903 | N5: 0.53068674 | O5: 1.1307729 | P5: 135.31903 | Q5: 0.00068908824
B6: 4 | C6: 0.0300196 | D6: 0.050147973 | E6: 0.03 | F6: 179.70757 | G6: 119.8243 | H6: 4.2879083 | I6: 146.65362 | J6: 2.6140878 | K6: 0.53180719 | L6: 1.1358722 | M6: 146.75426 | N6: 0.53096685 | O6: 1.1320455 | P6: 146.75426 | Q6: 0.00087486637
B7: 5 | C7: 0.0400266 | D7: 0.066854646 | E7: 0.04 | F7: 190.99913 | G7: 127.33088 | H7: 6.1072427 | I7: 155.8399 | J7: 2.614597 | K7: 0.53151438 | L7: 1.1345372 | M7: 155.94786 | N7: 0.53107636 | O7: 1.1325433 | P7: 155.94786 | Q7: 0.00038422547
B8: 6 | C8: 0.050033525 | D8: 0.083583276 | E8: 0.05 | F8: 200.49284 | G8: 133.67532 | H8: 8.0416182 | I8: 163.60037 | J8: 2.6157653 | K8: 0.53251097 | L8: 1.1390876 | M8: 163.71818 | N8: 0.53131546 | O8: 1.1336313 | P8: 163.71818 | Q8: 0.00050278014
B9: 7 | C9: 0.060040784 | D9: 0.10028562 | E9: 0.06 | F9: 208.83654 | G9: 139.2092 | H9: 10.073429 | I9: 170.37089 | J9: 2.6168309 | K9: 0.5321835 | L9: 1.1375903 | M9: 170.49577 | N9: 0.53143946 | O9: 1.134196 | P9: 170.49577 | Q9: 0.00039571568
B10: 8 | C10: 0.070048006 | D10: 0.11701203 | E10: 0.07 | F10: 216.30183 | G10: 144.15219 | H10: 12.19014 | I10: 176.41625 | J10: 2.61761 | K10: 0.53228873 | L10: 1.1380712 | M10: 176.54969 | N10: 0.53154562 | O10: 1.1346796 | P10: 176.54969 | Q10: 0.00063917457
B11: 9 | C11: 0.080055294 | D11: 0.1337547 | E11: 0.08 | F11: 222.95811 | G11: 148.62239 | H11: 14.382625 | I11: 181.88791 | J11: 2.6192094 | K11: 0.53216105 | L11: 1.1374877 | M11: 182.02453 | N11: 0.531614 | O11: 1.1349912 | P11: 182.02453 | Q11: 0.00043698882
B12: 10 | C12: 0.090062673 | D12: 0.15053482 | E12: 0.09 | F12: 229.17206 | G12: 152.72721 | H12: 16.643771 | I12: 186.91151 | J12: 2.6202582 | K12: 0.53174441 | L12: 1.1355858 | M12: 187.05191 | N12: 0.53162704 | O12: 1.1350507 | P12: 187.05191 | Q12: 0.00064285186
B13: 11 | C13: 0.1000699 | D13: 0.16732037 | E13: 0.1 | F13: 234.79388 | G13: 156.52047 | H13: 18.967931 | I13: 191.55953 | J13: 2.6218849 | K13: 0.531489 | L13: 1.1344216 | M13: 191.69765 | N13: 0.53161449 | O13: 1.1349935 | P13: 191.69765 | Q13: 0.00027995422
B14: 12 | C14: 0.11007702 | D14: 0.1840954 | E14: 0.11 | F14: 240.08388 | G14: 160.06031 | H14: 21.350382 | I14: 195.88272 | J14: 2.6229252 | K14: 0.53258708 | L14: 1.139436 | M14: 196.03304 | N14: 0.53169554 | O14: 1.135363 | P14: 196.03304 | Q14: 6.8286299e-05
... B30: 28 | C30: 0.27014705 | D30: 0.4530465 | E30: 0.27 | F30: 299.0604 | G30: 199.3264 | H30: 65.309604 | I30: 244.06288 | J30: 2.645982 | K30: 0.51728465 | L30: 1.0716143 | M30: 244.12404 | N30: 0.52715303 | O30: 1.1148491 | P30: 244.12404 | Q30: 0.00069013369
